InstructorName,designation,email,webLink,facebook,twitter,instagram,linkedin,youtube,phoneNo,platform,courseLink,courseName
Maven Analytics,Award-Winning Analytics & BI Training,,,,,,,,,udemy,https://www.udemy.com/course/data-analysis-with-excel-pivot-tables/,Microsoft Excel - Data Analysis with Excel Pivot Tables
Daniel Strong,Excel Instructor/Programmer,,http://www.excelvbaisfun.com/,https://www.facebook.com/ExcelVbaIsFun,https://twitter.com/ExcelVbaIsFun,,https://linkedin.com/in/danielcstrong,https://www.youtube.com/ExcelVbaIsFun,,udemy,https://www.udemy.com/course/ultimate-excel-programmer/,The Ultimate Excel Programmer Course
Alan Jarvis,"Everything Is Easy, Once You Know How - 76,000+ Students!",,http://alangjarvis.com/,https://www.facebook.com/alan.jarvis.908,https://twitter.com/@AlanGJarvis,,https://linkedin.com/alan-jarvis-75537167,https://www.youtube.com/channel/UCKOmJyACuNEPTiIFGLH1twA,,udemy,https://www.udemy.com/course/excel-essentials-the-complete-series-levels-1-2-3/,"Excel Essentials: The Complete Excel Series - Level 1, 2 & 3"
365 Careers,Creating opportunities for Business & Finance students,,http://365careers.com/,https://www.facebook.com/365careers,https://twitter.com/365careers,,https://linkedin.com/in/nedkokrastev/,,,udemy,https://www.udemy.com/course/beginner-to-pro-in-excel-financial-modeling-and-valuation/,Beginner to Pro in Excel: Financial Modeling and Valuation
Chris Dutton,"Best-selling Udemy Instructor & Founder, Excel Maven",,http://www.excelmaven.com/,https://www.facebook.com/ExcelMaven,,,https://linkedin.com/in/csdutton,https://www.youtube.com/excelmaven,,udemy,https://www.udemy.com/course/data-analysis-with-excel-pivot-tables/,Microsoft Excel - Data Analysis with Excel Pivot Tables
Maven Analytics,Award-Winning Analytics & BI Training,,,,,,,,,udemy,https://www.udemy.com/course/advanced-excel-charts-graphs/,"Microsoft Excel - Data Visualization, Excel Charts & Graphs"
Kyle Pew,"Microsoft Certified Trainer - 380,000+ Udemy Students",,http://www.officenewb.com/,,https://twitter.com/OfficeNewb,,https://linkedin.com/in/kylepew,https://www.youtube.com/channel/UCbCHkRl8AGEVmdF369Er7VQ,,udemy,https://www.udemy.com/course/microsoft-excel-2013-from-beginner-to-advanced-and-beyond/,Microsoft Excel - Excel from Beginner to Advanced
Chris Dutton,"Best-selling Udemy Instructor & Founder, Excel Maven",,http://www.excelmaven.com/,https://www.facebook.com/ExcelMaven,,,https://linkedin.com/in/csdutton,https://www.youtube.com/excelmaven,,udemy,https://www.udemy.com/course/advanced-excel-charts-graphs/,"Microsoft Excel - Data Visualization, Excel Charts & Graphs"
Office Newb LLC,Software Trainer,,http://www.officenewb.com/,,https://twitter.com/OfficeNewb,,https://linkedin.com/in/kylepew,https://www.youtube.com/channel/UCbCHkRl8AGEVmdF369Er7VQ,,udemy,https://www.udemy.com/course/microsoft-excel-2013-from-beginner-to-advanced-and-beyond/,Microsoft Excel - Excel from Beginner to Advanced
Leila Gharani,"Microsoft Excel MVP, Bestselling Instructor",,https://www.xelplus.com/,,https://twitter.com/LeilaGharani,,https://linkedin.com/in/leila-gharani-6b12506?trk=hp-identity-name,https://www.youtube.com/channel/UCJtUOos_MwJa_Ewii-R3cJA,,udemy,https://www.udemy.com/course/microsoft-excel-essentials/,Excel Essentials for the Real World (Complete Excel Course)
Joseph Phillips,"PMP, PMI-ACP, Project+, ITIL, PSM I, CTT+",,http://www.instructing.com/,https://www.facebook.com/PhillipsJDP/,https://twitter.com/JosephPhillips,,https://linkedin.com/in/srqphillips/,https://www.youtube.com/channel/UCYosOEl1WeS1tvJGgeT3eCA,,udemy,https://www.udemy.com/course/microsoft-excel-for-project-management/,Microsoft Excel for Project Management - Earn 5 PDUs
Maven Analytics,Award-Winning Analytics & BI Training,,,,,,,,,udemy,https://www.udemy.com/course/microsoft-excel-pro-tips-for-power-users/,Excel PRO TIPS: 75+ Tips to go from Excel Beginner to Pro
Todd McLeod,Tenured College Professor,,,,https://twitter.com/@Todd_McLeod,,https://linkedin.com/in/tamcleod,https://www.youtube.com/user/toddmcleod,,udemy,https://www.udemy.com/course/thebestexcel/,Microsoft Excel - From Beginner to Expert in 6 Hours
Chris Dutton,"Best-selling Udemy Instructor & Founder, Excel Maven",,http://www.excelmaven.com/,https://www.facebook.com/ExcelMaven,,,https://linkedin.com/in/csdutton,https://www.youtube.com/excelmaven,,udemy,https://www.udemy.com/course/microsoft-excel-pro-tips-for-power-users/,Excel PRO TIPS: 75+ Tips to go from Excel Beginner to Pro
Symon He,Stanford MBA | Real Estate | Financial & Data Analysis,,https://www.symonhe.com/,https://www.facebook.com/symonheblog,,,https://linkedin.com/in/symonhe,,,udemy,https://www.udemy.com/course/business-data-analysis-excel/,Data Analysis Essentials Using Excel
Tim Vipond,"CEO at Corporate Finance Institute | 100,000+ students",,https://corporatefinanceinstitute.com/,https://www.facebook.com/corporatefinanceinstitute.CFI,https://twitter.com/https://twitter.com/CFI_education,,https://linkedin.com/company/corporate-finance-institute-cfi-,https://www.youtube.com/channel/UCGtbVv_ACgV7difdVZ92NMw,,udemy,https://www.udemy.com/course/excel-crash-course-master-excel-for-financial-analysis/,Excel Crash Course: Master Excel for Financial Analysis
Travis Chow,Tech Veteran | University of Chicago MBA,,http://www.riseanalyst.com/,https://www.facebook.com/symonheblog,,,https://linkedin.com/in/travischow,,,udemy,https://www.udemy.com/course/business-data-analysis-excel/,Data Analysis Essentials Using Excel
Justin Mares,"Traction Book author, growth at Airbrake/Exceptional",,http://kettleandfire.com/,https://www.facebook.com/jwmares,https://twitter.com/jwmares,,,,,udemy,https://www.udemy.com/course/google-spreadsheet-tutorial/,Master Google Sheets (and see why it's better than Excel)
Bruce Myron,Productivity Specialist,,http://escapetoprosperity.com/,https://www.facebook.com/bruce.myron.3,,,https://linkedin.com/in/brucemyron,,,udemy,https://www.udemy.com/course/import-excel-into-access/,Excel to Access: Intro to Microsoft Access for Excel Users
Sandeep Kumar ­,Experienced Quality Manager • Six Sigma Coach,,http://www.qualitygurus.com/,,,,https://linkedin.com/in/qualitygurus/,https://www.youtube.com/qualitygurus,,udemy,https://www.udemy.com/course/statistics-using-excel/,Statistics for Data Analysis Using Excel 2016
Steve McDonald,Dedicated Instructor Will Help You Excel | 160K+ Students,,,,,,,,,udemy,https://www.udemy.com/course/how-to-use-microsoft-excel-beginning-to-advanced-tutorials/,Excel with the Complete Excel Mastery Course Beginner to Pro
Steve McDonald,Dedicated Instructor Will Help You Excel | 160K+ Students,,,,,,,,,udemy,https://www.udemy.com/course/excel-with-the-ultimate-microsoft-excel-course/,Microsoft Excel - Excel with The Ultimate Excel Course
Dave Murphy,University Lecturer,,http://bowtielearning.teachable.com/,,,,,https://www.youtube.com/https://www.youtube.com/channel/UCV4WxndgYuv59kWXADbDd5g,,udemy,https://www.udemy.com/course/microsoft-office-specialist-excel-core-exam-77-727/,77-727 Microsoft Excel Certification - MOS Excel Core Exam
"Chris Benjamin, MBA & CFO",Instructor & Management Consultant,,,,,,,,,udemy,https://www.udemy.com/course/financial-modeling-in-excel-for-startups/,Financial Budgeting and Forecasting In Excel Complete Course
Dragos Stefanescu,"Founder at TeacHack.com |15 Udemy Courses & 15,000+ Students",,http://www.teachack.com/,https://www.facebook.com/teachack,https://twitter.com/DrgStefanescu,,https://linkedin.com/in/drgstefanescu,https://www.youtube.com//c/TeacHackUdemy?sub_confirmation=1,,udemy,https://www.udemy.com/course/powerpoint-excel-fusion-exec-strategies-250-slide-deck/,PowerPoint & Excel Fusion (+250 PowerPoint Slides)
Kyle Pew,"Microsoft Certified Trainer - 380,000+ Udemy Students",,http://www.officenewb.com/,,https://twitter.com/OfficeNewb,,https://linkedin.com/in/kylepew,https://www.youtube.com/channel/UCbCHkRl8AGEVmdF369Er7VQ,,udemy,https://www.udemy.com/course/excel-with-the-ultimate-microsoft-excel-course/,Microsoft Excel - Excel with The Ultimate Excel Course
Bruce Myron,Productivity Specialist,,http://escapetoprosperity.com/,https://www.facebook.com/bruce.myron.3,,,https://linkedin.com/in/brucemyron,,,udemy,https://www.udemy.com/course/export-access-to-excel/,Access to Excel- Instant Excel Reports & Excel Pivot Tables
Richard Korbut,"Udemy Producer - Filming, Editing & Creative Direction",,http://www.teachack.com/,https://www.facebook.com/teachack,https://twitter.com/DrgStefanescu,,https://linkedin.com/in/drgstefanescu,https://www.youtube.com//c/TeacHackUdemy?sub_confirmation=1,,udemy,https://www.udemy.com/course/powerpoint-excel-fusion-exec-strategies-250-slide-deck/,PowerPoint & Excel Fusion (+250 PowerPoint Slides)
MyExcelOnline John Michaloudis,Chief Inspirational Officer at MyExcelOnline,,https://www.myexcelonline.com/blog/,https://www.facebook.com/groups/myexcelonline/,https://twitter.com/myexcelonline,,https://linkedin.com/in/johnmichaloudis,https://www.youtube.com/LearnExcelPivotTable/videos,,udemy,https://www.udemy.com/course/excel-with-the-ultimate-microsoft-excel-course/,Microsoft Excel - Excel with The Ultimate Excel Course
365 Careers,Creating opportunities for Business & Finance students,,http://365careers.com/,https://www.facebook.com/365careers,https://twitter.com/365careers,,https://linkedin.com/in/nedkokrastev/,,,udemy,https://www.udemy.com/course/the-power-modeling-bootcamp-advanced-excel-in-10-days/,The Microsoft Excel Course: Advanced Excel Training
Bryan Hong,Data Analysis Ninja,,https://www.myexcelonline.com/blog/,https://www.facebook.com/groups/myexcelonline/,https://twitter.com/myexcelonline,,https://linkedin.com/in/johnmichaloudis,https://www.youtube.com/LearnExcelPivotTable/videos,,udemy,https://www.udemy.com/course/excel-with-the-ultimate-microsoft-excel-course/,Microsoft Excel - Excel with The Ultimate Excel Course
Dave Murphy,University Lecturer,,http://bowtielearning.teachable.com/,,,,,https://www.youtube.com/https://www.youtube.com/channel/UCV4WxndgYuv59kWXADbDd5g,,udemy,https://www.udemy.com/course/microsoft-excel-certification-mos-excel-expert-exam-77-728/,77-728 Complete Techniques for the MOS Excel Expert Exam
Bruce Myron,Productivity Specialist,,http://escapetoprosperity.com/,https://www.facebook.com/bruce.myron.3,,,https://linkedin.com/in/brucemyron,,,udemy,https://www.udemy.com/course/excel-2016-tutorial/,Microsoft Excel 2016 Master Class: Beginner to Advanced
Joe Parys Support,"Best-Selling Instructor Proudly Serving 500,000+ Students",,http://www.joeparys.com/,https://www.facebook.com/JoeParysAcademy,https://twitter.com/Joe_Parys,,https://linkedin.com/joseph-parys-7816799a?trk=nav_responsive_tab_profile,https://www.youtube.com/channel/UC8g_o_0wHJUsp67lJA69yhg,,udemy,https://www.udemy.com/course/excel-2016-tutorial/,Microsoft Excel 2016 Master Class: Beginner to Advanced
Asen Gyczew,"Expert in performance improvement, turnaround and startups",,https://badassconsultants.com/,https://www.facebook.com/asen.gyczew,https://twitter.com/agyczew,,https://linkedin.com/pub/asen-gyczew/1/319/b34/en,https://www.youtube.com/channel/UCBUAqzE7ERYf8jPqhQZu8qQ?sub_confirmation=1,,udemy,https://www.udemy.com/course/essential-excel-for-business-analysts-and-consultants/,Essential Excel for Business Analysts and Consultants
Peter Titus,"Trader, Technologist, and Entrepreneur",,,,,,,,,udemy,https://www.udemy.com/course/automated-trading-excel/,Create Your Own Automated Stock Trading Robot In EXCEL!
Michael Olafusi,5x Microsoft Excel MVP & Business Data Analysis Consultant,,http://www.urbizedge.com/,https://www.facebook.com/olafusimichael,https://twitter.com/olafusimichael,,https://linkedin.com/in/olafusimichael,https://www.youtube.com/olafusimichael,,udemy,https://www.udemy.com/course/business-data-analysis-with-microsoft-excel/,Business Data Analysis with Microsoft Excel and Power BI
Joe Parys,"Bestselling Instructor, 80 Courses, Serving 500,000 Students",,http://www.joeparys.com/,https://www.facebook.com/JoeParysAcademy/,https://twitter.com/Joe_Parys,,https://linkedin.com/in/joseph-parys-7816799a?trk=nav_responsive_tab_profile,https://www.youtube.com/channel/UC8g_o_0wHJUsp67lJA69yhg,,udemy,https://www.udemy.com/course/excel-2016-tutorial/,Microsoft Excel 2016 Master Class: Beginner to Advanced
Mach 42 Productions,"Excel Consulting | 21,000+ Students | 14 Courses",,https://www.mach42productions.com/,https://www.facebook.com/mach42productions,https://twitter.com/Mach42P,,,https://www.youtube.com/channel/UCmrfG0Li5di0gY6mWomKLWQ,,udemy,https://www.udemy.com/course/excel2016course/,Beginners to Expert Excel and Excel VBA 38 Hours Mega Course
365 Careers,Creating opportunities for Business & Finance students,,http://365careers.com/,https://www.facebook.com/365careers,https://twitter.com/365careers,,https://linkedin.com/in/nedkokrastev/,,,udemy,https://www.udemy.com/course/microsoft-excel-2016-beginners-intermediate-excel-training/,Microsoft Excel 2016 Beginners & Intermediate Excel Training
Eric Andrews,Finance & Analytics Professional,,http://excelpoweruser.weebly.com/,https://www.facebook.com/Become-an-Excel-Power-User-in-25-Hours-1104288563002996/,https://twitter.com/excelpoweruser,,https://linkedin.com/in/eric-andrews-1624b656,https://www.youtube.com/channel/UCbFgE0E04jowgQwixRNqR9g,,udemy,https://www.udemy.com/course/excel-power-user/,Become an Excel Power User in 2.5 Hours
Cody Baldwin,The Excel Guy,,,,,,,,,udemy,https://www.udemy.com/course/microsoft-excel-in-just-1-hour/,Become a Microsoft Excel Wizard in 1 Hour
Yoda Learning,Data Analyst |MS Office Expert & PMP | Instructor/Programmer,,https://yodalearning.com/,https://www.facebook.com/yodalearning,https://twitter.com/yodalearning,,https://linkedin.com/in/ca-rishabh-pugalia-6503537/,https://www.youtube.com/user/yodalearningofficial,,udemy,https://www.udemy.com/course/excel-masterclass-all-in-one-bundle-tips-tricks/,Microsoft Excel – Complete Excel Guide (Excel 2007 – 2019)
Billy Wigley,"Microsoft Certified Trainer (MCT), MOS Excel Expert",,http://www.dontgetmadgetskills.com/,https://www.facebook.com/DontGetMadGetSkills,https://twitter.com/billywigley,,https://linkedin.com/in/billywigley,https://www.youtube.com/subscription_center?add_user=BillyMrAloha,,udemy,https://www.udemy.com/course/dontgetmadgetskills-excel-shortcuts/,"Excel Shortcuts, Excel Tips, Excel Tricks - Excel Skills!"
James Gedney-Higham,Teaching Construction into the 21st Century,,,,,,https://linkedin.com//in/james-gedney-higham-a42050157,,,udemy,https://www.udemy.com/course/microsoft-excel-for-construction-management/,Microsoft Excel for Construction Management
Skills On Demand,Better Skills Better Learning,,https://www.skillsondemand.online/,,,,,,,udemy,https://www.udemy.com/course/learn-excel-pivot-table-and-pivot-charts-like-a-pro/,"Excel Data Analysis with Excel Pivot Tables, Excel Dashboard"
Robert (Bob) Steele,"CPA, CGMA, M.S. Tax, CPI",,http://accountinginstruction.info/,https://www.facebook.com/AccountingInstructionhelp/,https://twitter.com/AccountingInst,,https://linkedin.com/in/robert-bob-steele-cpa-cgma-m-s-tax-76422017,,,udemy,https://www.udemy.com/course/financial-accounting-excelcomprehensive-accounting-course/,Financial Accounting & Excel–Comprehensive Accounting Course
Analytics Leap,Become an expert data analyst,,https://www.a-leap.com/,https://www.facebook.com/learnataleap,,,https://linkedin.com/in/analyticsleap,https://www.youtube.com/channel/UCch-sIjmfSAi1vV7SZ_vKmg,,udemy,https://www.udemy.com/course/mastering-ms-excel-2016/,"Microsoft Excel Beginners to Advanced, Data Analysis and VBA"
Ian Littlejohn,"Excel Power Tools, Power BI and Google Data Studio Trainer",,http://www.datainsighttraining.com/,,,,https://linkedin.com/in/ianlj,,,udemy,https://www.udemy.com/course/excel-master-class-pivot-tables-and-pivot-charts/,Excel Master Class - Pivot Tables and Pivot Charts
Infinite Skills,High Quality Training,,http://www.infiniteskills.com/,,,,,,,udemy,https://www.udemy.com/course/advanced-microsoft-excel-2013-online-excel-course/,Microsoft Excel 2013 Advanced. Online Excel Training Course
Simon Sez IT,"380,000+ Students | Wordwide Use 180 Countries |130+ Courses",,http://www.simonsezit.com/,https://www.facebook.com/SimonSezIT,https://twitter.com/simonsezit,,,https://www.youtube.com/simonsezittraining,,udemy,https://www.udemy.com/course/microsoft-excel-powerpoint-and-word-2016-course/,"Microsoft Excel, PowerPoint and Word 2016 for Beginners"
Steve McDonald,Dedicated Instructor Will Help You Excel | 160K+ Students,,,,,,,,,udemy,https://www.udemy.com/course/microsoft-excel-2016-complete-beginner-to-advanced-excel-course/,Complete Excel Mastery: Microsoft Excel Beginner to Advanced
Ian Littlejohn,"Excel Power Tools, Power BI and Google Data Studio Trainer",,http://www.datainsighttraining.com/,,,,https://linkedin.com/in/ianlj,,,udemy,https://www.udemy.com/course/excel-master-class-power-pivot-data-model-and-dax-formulas/,Excel Master Class-Power Pivot - Data Model and DAX Formulas
Daniel Strong,Excel Instructor/Programmer,,http://www.excelvbaisfun.com/,https://www.facebook.com/ExcelVbaIsFun,https://twitter.com/ExcelVbaIsFun,,https://linkedin.com/in/danielcstrong,https://www.youtube.com/ExcelVbaIsFun,,udemy,https://www.udemy.com/course/excel-to-exe-make-secure-windows-applications-from-excel/,"Excel To EXE, Make Secure Windows Applications From Excel"
Brian Wells,A Dedicated Instructor That Will Help You Excel,,,,,,,,,udemy,https://www.udemy.com/course/microsoft-excel-learn-excel-from-beginner-to-advanced/,Microsoft Excel - Excel from Beginner to Advanced & VBA
IsáBel .,Microsoft Certified IT Professional. Trainer of 19 Years,,,,,,,https://www.youtube.com/channel/UC3MkEWH9kzgsLVjFtH5RCvw/featured,,udemy,https://www.udemy.com/course/microsoft-office-word-excel-access/,"Microsoft Office: Word, Excel and Access Productivity Bundle"
The Excel Gurus,For Excellence in Excel,,,,,,,,,udemy,https://www.udemy.com/course/visually-stunning-microsoft-excel-dynamic-dashboard-course/,Visually Stunning Microsoft Excel Dynamic Dashboard Course
Manish Narayan,"President - Innovative Institution, Professor of Engineering",,http://www.innovativeinstitution.com/,,,,,,,udemy,https://www.udemy.com/course/microsoft-excel-engineering-part-1/,Microsoft Excel Engineering (Part 1)
"TEST4U Testing, Training, Evaluation Platform","Testing, Training, Evaluation Platform",,https://www.test4u.eu/,https://www.facebook.com/test4u.eu/,,,,https://www.youtube.com/user/test4ueu,,udemy,https://www.udemy.com/course/mos-excel-expert-2016-microsoft-certification-exam-77-728/,MOS Excel Expert 2016 Microsoft Certification Exam 77-728
Ian Littlejohn,"Excel Power Tools, Power BI and Google Data Studio Trainer",,http://www.datainsighttraining.com/,,,,https://linkedin.com/in/ianlj,,,udemy,https://www.udemy.com/course/excel-master-class-power-query-consume-and-transform-data/,Excel Master Class-Power Query-Consume and Transform Data
Phillip Burton,"Best Selling Instructor - over 150,000 students so far",,http://www.sqlintro.com/,,https://twitter.com/Aquaviola,,,,,udemy,https://www.udemy.com/course/microsoft-excel-for-mac-beginner-to-specialist-certificate/,Microsoft Excel 2016 Mac 1: Beginner-Specialist Certificate
Kyle Pew,"Microsoft Certified Trainer - 380,000+ Udemy Students",,http://www.officenewb.com/,,https://twitter.com/OfficeNewb,,https://linkedin.com/in/kylepew,https://www.youtube.com/channel/UCbCHkRl8AGEVmdF369Er7VQ,,udemy,https://www.udemy.com/course/excel-with-top-microsoft-excel-hacks/,Excel with Top Microsoft Excel Hacks
Grant Gamble,"Developer, trainer and author",,https://gcomsolutions.co.uk/,https://www.facebook.com/https://www.facebook.com/grantleygamble,https://twitter.com/https://twitter.com/gamblecompsol,,https://linkedin.com/https://www.linkedin.com/in/grantleygamble,https://www.youtube.com/https://www.youtube.com/user/gcscomputertraining,,udemy,https://www.udemy.com/course/excel-xml-xpath-and-xslt-workflows/,"Excel XML, XPath and XSLT Workflows"
Alan Murray,Founder of Computergaga,,http://www.computergaga.com/,https://www.facebook.com/computergaga,https://twitter.com/computergaga1,,https://linkedin.com/LinkedIn%20Profile,https://www.youtube.com/user/Computergaga/,,udemy,https://www.udemy.com/course/ultimate-microsoft-excel-course-beginner-to-excel-expert/,Ultimate Microsoft Excel Course: Beginner to Excel Expert
Start-Tech Academy,"300,000+ Enrollments | 4+ Rated | 160+ Countries",,https://www.starttechacademy.com/,https://www.facebook.com/StartTechAcademy,https://twitter.com/StartTechAcade1,,https://linkedin.com/company/start-tech-academy,https://www.youtube.com/channel/UCOMpD-7invmY9rb3-WoXtpA,,udemy,https://www.udemy.com/course/microsoft-excel-masterclass-complete-and-concise/,Microsoft Excel Masterclass for Business Managers
Infinite Skills,High Quality Training,,http://www.infiniteskills.com/,,,,,,,udemy,https://www.udemy.com/course/advanced-excel/,Microsoft Excel 2010: Advanced Training
Diego Fernandez,Exfinsis,,http://www.exfinsis.com/,,,,,,,udemy,https://www.udemy.com/course/forecasting-models-with-excel/,Forecasting Models with Excel
Start-Tech Academy,"300,000+ Enrollments | 4+ Rated | 160+ Countries",,https://www.starttechacademy.com/,https://www.facebook.com/StartTechAcademy,https://twitter.com/StartTechAcade1,,https://linkedin.com/company/start-tech-academy,https://www.youtube.com/channel/UCOMpD-7invmY9rb3-WoXtpA,,udemy,https://www.udemy.com/course/excel-quick-start-guide-from-beginner-to-expert/,Zero to Hero in Microsoft Excel: Complete Excel guide 2020
Martyn Blythin,"Data Minded Excel Training, 12,000+ students",,http://dataminded.co.uk/,https://www.facebook.com/datamindedlimited/,,,https://linkedin.com/in/martynblythin,,,udemy,https://www.udemy.com/course/getting-started-with-excel-20132/,Microsoft Excel - Getting Started With The Basics
Phillip Burton,"Best Selling Instructor - over 150,000 students so far",,http://www.sqlintro.com/,,https://twitter.com/Aquaviola,,,,,udemy,https://www.udemy.com/course/microsoft-excel-expert-certification-77-728-77-427-77-428-77-888/,Excel in Microsoft Excel 2: Intermediate to Expert advanced
Diego Fernandez,Exfinsis,,http://www.exfinsis.com/,,,,,,,udemy,https://www.udemy.com/course/stock-fundamental-analysis-with-excel/,Stock Fundamental Analysis with Excel
ThinkTank Careers,ThinkTank Careers,,,https://www.facebook.com/thinktankcareers/,,,,https://www.youtube.com/channel/UC3XXBmrWBxBgDfG4h4Pg1cg,,udemy,https://www.udemy.com/course/excel-for-accounting-2017/,Excel for Accounting
Ali Ilci,"Exeter I Oxford I Investment Banking I 11,000+ students",,https://www.mna-analyst.com/,,,,https://linkedin.com/company-beta/18052185,https://www.youtube.com/channel/UC2NyHHUJNMWbcAMw9NO0QmQ,,udemy,https://www.udemy.com/course/excel-powerpoint-presentations-for-investment-bankers/,"Excel, PowerPoint & Presentations for Investment Bankers"
Alan Murray,Founder of Computergaga,,http://www.computergaga.com/,https://www.facebook.com/computergaga,https://twitter.com/computergaga1,,https://linkedin.com/LinkedIn%20Profile,https://www.youtube.com/user/Computergaga/,,udemy,https://www.udemy.com/course/microsoft-excel-advanced-excel-tricks-that-impress/,Microsoft Excel - Advanced Excel Tricks that Impress
Kawser Ahmed,Founder ExcelDemy.com | Data Analyst,,http://www.exceldemy.com/,https://www.facebook.com/ExcelDemy/,https://twitter.com/ExcelDemy,,,https://www.youtube.com/channel/UCgTtt5Wx9q094AiQuz5nK1w,,udemy,https://www.udemy.com/course/statistical-data-analysis-in-excel/,Data Analysis Excel for Beginners: Statistical Data Analysis
Andreas Exadaktylos,Teacher|Msc Computer Scientist,,http://www.mellontraining.com/,https://www.facebook.com/mellontraining,https://twitter.com/mellontraining,,https://linkedin.com/in/AndreasExadaktylos,https://www.youtube.com/user/mellontraining,,udemy,https://www.udemy.com/course/excel-hacks-and-tips-with-excel-2016/,Excel Pro Hacks & Tips with Excel 2016 - Top 100+ Excel Tips
Robert (Bob) Steele,"CPA, CGMA, M.S. Tax, CPI",,http://accountinginstruction.info/,https://www.facebook.com/AccountingInstructionhelp/,https://twitter.com/AccountingInst,,https://linkedin.com/in/robert-bob-steele-cpa-cgma-m-s-tax-76422017,,,udemy,https://www.udemy.com/course/quickbooks-online-vs-quickbooks-desktop-vs-excel/,QuickBooks Online vs. QuickBooks Desktop vs. Excel
Diego Fernandez,Exfinsis,,http://www.exfinsis.com/,,,,,,,udemy,https://www.udemy.com/course/investment-portfolio-analysis-with-excel/,Investment Portfolio Analysis with Excel
Simon Sez IT,"380,000+ Students | Wordwide Use 180 Countries |130+ Courses",,http://www.simonsezit.com/,https://www.facebook.com/SimonSezIT,https://twitter.com/simonsezit,,,https://www.youtube.com/simonsezittraining,,udemy,https://www.udemy.com/course/learn-microsoft-excel-powerpoint-and-word-2013/,"Master Microsoft Excel, PowerPoint and Word 2013 - 27 Hours"
Rishabh Pugalia,"CA | ex-KPMG, ex-J.P. Morgan | Taught @ PwC, EY, Deloitte",,http://www.yodalearning.com/,,,,,https://www.youtube.com/user/yodalearningofficial,,udemy,https://www.udemy.com/course/excelnext_excel/,Advanced Excel - Beginner to Ninja level (includes Charts)
Halvard Bastiansen,Excel instructor,,,,,,https://linkedin.com/in/halvardbastiansen/,,,udemy,https://www.udemy.com/course/microsoft-excel-exercises-for-beginners-with-solutions/,Microsoft Excel - 40 Exercises for beginners. Learn by doing
Simon Sez IT,"380,000+ Students | Wordwide Use 180 Countries |130+ Courses",,http://www.simonsezit.com/,https://www.facebook.com/SimonSezIT,https://twitter.com/simonsezit,,,https://www.youtube.com/simonsezittraining,,udemy,https://www.udemy.com/course/excel-beginner-to-advanced-bundle-2013-2019/,Ultimate Excel Beginner to Advanced Bundle
Alan Jarvis,"Everything Is Easy, Once You Know How - 76,000+ Students!",,http://alangjarvis.com/,https://www.facebook.com/alan.jarvis.908,https://twitter.com/@AlanGJarvis,,https://linkedin.com/alan-jarvis-75537167,https://www.youtube.com/channel/UCKOmJyACuNEPTiIFGLH1twA,,udemy,https://www.udemy.com/course/excel-from-zero-to-hero-level-1-complete-beginners/,Microsoft Excel Essentials: Level 1 Basics - Excel Made Easy
Phillip Burton,"Best Selling Instructor - over 150,000 students so far",,http://www.sqlintro.com/,,https://twitter.com/Aquaviola,,,,,udemy,https://www.udemy.com/course/microsoft-excel-for-mac-2-intermediate-to-expert-advanced/,Microsoft Excel 2016 Mac 2: Intermediate to Expert advanced
Nasiru Musa,Intelligence Analyst,,,,,,https://linkedin.com/in/nasiru-musa-cfe-cams-a5761319,,,udemy,https://www.udemy.com/course/excel-essentials-in-amlcft-analysis-and-investigations/,Excel Data Analytics in AML Financial Intelligence Analysis
Emile Ackbarali,"Software Developer, Systems Integrator and Entrepreneur",,http://www.emileackbarali.com/,,,,https://linkedin.com/in/emile-ackbarali-0658b864,https://www.youtube.com/channel/UC6opJrvAokb_b0YGPnDC0gw,,udemy,https://www.udemy.com/course/how-to-program-microsoft-excel-as-a-modbus-master-hmi/,How to Program Microsoft Excel as a Modbus Master HMI
Simon Sez IT,"380,000+ Students | Wordwide Use 180 Countries |130+ Courses",,http://www.simonsezit.com/,https://www.facebook.com/SimonSezIT,https://twitter.com/simonsezit,,,https://www.youtube.com/simonsezittraining,,udemy,https://www.udemy.com/course/the-advanced-excel-vba-bundle-2019/,The Advanced Excel & VBA Bundle 2019
Tim Wright,Nationally Recognized Instructional Designer,,,,,,,,,udemy,https://www.udemy.com/course/office_365_excel/,Office 365: Excel Beginner to Advanced
- Six Sigma Academy Amsterdam -,BKO accredited university lecturers following ASQ guidelines,,http://www.sixsigmaacademyamsterdam.com/,,,,,https://www.youtube.com/https://www.youtube.com/channel/UCOSjGd1q7D4hcf1bsCTZ6BA,,udemy,https://www.udemy.com/course/complete-excel-2016-data-analytics-theory-bko-accredited/,2 in 1: Complete Excel + Data Analysis Application & Theory
Data Civilisation,Technology-based analytics company,,,,,,,,,udemy,https://www.udemy.com/course/excel-in-the-world-of-data-analytics/,Excel in the World of Data Analytics
Simon Sez IT,"380,000+ Students | Wordwide Use 180 Countries |130+ Courses",,http://www.simonsezit.com/,https://www.facebook.com/SimonSezIT,https://twitter.com/simonsezit,,,https://www.youtube.com/simonsezittraining,,udemy,https://www.udemy.com/course/excel-2019-beginner-to-advanced-online-course/,Master Excel 2019/365 with this Beginner to Advanced Bundle
Daniel Walter Scott,Adobe Certified Instructor & Adobe Certified Expert,,https://www.bringyourownlaptop.com/,https://www.facebook.com/bringyourownlaptop,https://twitter.com/danlovesadobe,,https://linkedin.com/company/bring-your-own-laptop,https://www.youtube.com/bringyourownlaptop,,udemy,https://www.udemy.com/course/microsoft-excel-2016-bootcamp-zero-to-hero-training/,Microsoft Excel 2016 Bootcamp - Zero to Hero Training
Jeff Knowlton,Senior Executive. Data Scientist. Teacher.,,,,,,https://linkedin.com/https://www.linkedin.com/in/jeff-knowlton-5a5a446/,,,udemy,https://www.udemy.com/course/excel-and-business-analytics-part-2/,"Excel Case Studies: Sales Analysis with Pivot Tables, Charts"
Dr. Nitin Paranjape,Microsoft Most Valuable Professional for Office System,,https://efficiency365.com/,https://www.facebook.com/efficiency365,https://twitter.com/drnitinp,,https://linkedin.com/in/nitinparanjape,https://www.youtube.com/efficiency365,,udemy,https://www.udemy.com/course/pivot-table-to-power-bi/,From Excel Pivot Table to Power BI
Instructor HQ,Streamline your online course creation processes,,https://www.instructorhq.com/,https://www.facebook.com/groups/instructorhq/,https://twitter.com/instructorHQ,,https://linkedin.com/company/14558731/,https://www.youtube.com/channel/UCalqVPF7FWPoucG8TtweQMA,,udemy,https://www.udemy.com/course/microsoft-excel-2016-bootcamp-zero-to-hero-training/,Microsoft Excel 2016 Bootcamp - Zero to Hero Training
Alan Jarvis,"Everything Is Easy, Once You Know How - 76,000+ Students!",,http://alangjarvis.com/,https://www.facebook.com/alan.jarvis.908,https://twitter.com/@AlanGJarvis,,https://linkedin.com/alan-jarvis-75537167,https://www.youtube.com/channel/UCKOmJyACuNEPTiIFGLH1twA,,udemy,https://www.udemy.com/course/excel-essentials-level-2-intermediateadvanced/,Microsoft Excel Essentials: Level 2 - Intermediate/Advanced
Unlock HR,HR Analytics / People Analytics / Talent Analytics,,https://www.unlockanalytics.com/,https://www.facebook.com/unlockedhr,,,https://linkedin.com/company/unlockedhr/,,,udemy,https://www.udemy.com/course/hr-analytics-factors-affecting-performance-appraisal/,HR Analytics: Factors impacting appraisal (excel analytics)
Kieran Luke,"GM, General Assembly",,http://kieranluke.wordpress.com/,,https://twitter.com/kizluke,,https://linkedin.com/https://www.linkedin.com/in/kieranluke/,https://www.youtube.com/Mr3KL/videos,,udemy,https://www.udemy.com/course/use-excel-like-a-pro-fast/,Use Excel Like A Pro. Fast.
MyExcelOnline John Michaloudis,Chief Inspirational Officer at MyExcelOnline,,https://www.myexcelonline.com/blog/,https://www.facebook.com/groups/myexcelonline/,https://twitter.com/myexcelonline,,https://linkedin.com/in/johnmichaloudis,https://www.youtube.com/LearnExcelPivotTable/videos,,udemy,https://www.udemy.com/course/microsoft-excel-data-cleansing-excel-power-query-2010-2013-2016/,Microsoft Excel - Excel Power Query & Get & Transform Data
Bryan Hong,Data Analysis Ninja,,https://www.myexcelonline.com/blog/,https://www.facebook.com/groups/myexcelonline/,https://twitter.com/myexcelonline,,https://linkedin.com/in/johnmichaloudis,https://www.youtube.com/LearnExcelPivotTable/videos,,udemy,https://www.udemy.com/course/microsoft-excel-data-cleansing-excel-power-query-2010-2013-2016/,Microsoft Excel - Excel Power Query & Get & Transform Data
Andy Lanning,Instructor,,http://www.clickhappycomputerskills.com/,,,,,,,udemy,https://www.udemy.com/course/excel-power-query-crash-course/,Excel Power Query Crash Course
Yoda Learning,Data Analyst |MS Office Expert & PMP | Instructor/Programmer,,https://yodalearning.com/,https://www.facebook.com/yodalearning,https://twitter.com/yodalearning,,https://linkedin.com/in/ca-rishabh-pugalia-6503537/,https://www.youtube.com/user/yodalearningofficial,,udemy,https://www.udemy.com/course/learn-advanced-lookup-functions-and-combinations/,"Excel For Beginners: VLOOKUP, INDEX, MATCH, SUMIFS, COUNTIFS"
Avinash Jain,"CEO of TheCodex.me - Teaching 400,000+ Students how to code",,https://www.thecodex.me/,https://www.facebook.com/https://www.facebook.com/profile.php?id=100001544368610,https://twitter.com/https://devpost.com/TheCurryMan,,https://linkedin.com/https://www.linkedin.com/in/avinashj1/,https://www.youtube.com/c/thecodex,,udemy,https://www.udemy.com/course/pythonexcel/,Master Python and Excel: File Automation with OpenPyXL
Davor Geci,"CEO @ WinPIS, Programmer | Excel VBA Access VB SQL Databases",,https://virtual-forms.com/,https://www.facebook.com/virtualform,https://twitter.com/exceluserforms,,https://linkedin.com/in/davor-geci,https://www.youtube.com/virtualformsexcel,,udemy,https://www.udemy.com/course/create-excel-vba-apps-using-mysql-database-virtual-forms/,Create Excel apps with MySQL & Virtual Forms & Excel VBA
Simon Sez IT,"380,000+ Students | Wordwide Use 180 Countries |130+ Courses",,http://www.simonsezit.com/,https://www.facebook.com/SimonSezIT,https://twitter.com/simonsezit,,,https://www.youtube.com/simonsezittraining,,udemy,https://www.udemy.com/course/learn-microsoft-excel-2016-intermediate-training-course/,Learn Excel 2016 Intermediate Level - Beyond the Basics
Matthew Fried,Prof.,,,,,,,,,udemy,https://www.udemy.com/course/learning-microsoft-excel-introduction-to-mastery/,"Functions, Data Analysis, Presentation and Finance w/ Excel"
Martyn Blythin,"Data Minded Excel Training, 12,000+ students",,http://dataminded.co.uk/,https://www.facebook.com/datamindedlimited/,,,https://linkedin.com/in/martynblythin,,,udemy,https://www.udemy.com/course/become-an-excel-guru/,Microsoft Excel - Beginner to Advanced
Phillip Burton,"Best Selling Instructor - over 150,000 students so far",,http://www.sqlintro.com/,,https://twitter.com/Aquaviola,,,,,udemy,https://www.udemy.com/course/master-pivot-tables-introduction-and-masterclass/,Excel in Microsoft Excel 3: Pivot Tables Intro & Masterclass
Manipal Global,Professional Certificate Programs to enhance Your Skills,,http://www.manipalglobal.com/,https://www.facebook.com/Manipal-Global-Education/129526063902128?ref=hl,,,,,,udemy,https://www.udemy.com/course/certificate-program-in-advanced-ms-excel/,Certificate Program in Advanced MS Excel
Warrick Klimaytys,Computer Technician,,,,,,,,,udemy,https://www.udemy.com/course/excel-crash-course-full-tutorial/,Microsoft Excel - Excel from Beginner to Advanced
Marissa Catanzaro,Insurance Analyst/ Excel Instructor,,,,,,,,,udemy,https://www.udemy.com/course/excel-skills-for-insurance-professionals/,Excel Skills for Insurance Professionals
"Chris Benjamin, MBA & CFO",Instructor & Management Consultant,,,,,,,,,udemy,https://www.udemy.com/course/simple-accounting-in-excel-for-small-business-made-easy/,Accounting 101: Using Microsoft Excel For Accounting in 2020
Bruce Myron,Productivity Specialist,,http://escapetoprosperity.com/,https://www.facebook.com/bruce.myron.3,,,https://linkedin.com/in/brucemyron,,,udemy,https://www.udemy.com/course/customize-excel-2016/,Excel 2016: Customize Excel - Save Time & Be More Productive
Raphael Asghar,Production SQL Database Administrator,,,,,,,,,udemy,https://www.udemy.com/course/excel-to-dashboard-a-beginners-guide-to-excel/,Excel To Dashboard: A Beginner's Guide To Excel
Simon Sez IT,"380,000+ Students | Wordwide Use 180 Countries |130+ Courses",,http://www.simonsezit.com/,https://www.facebook.com/SimonSezIT,https://twitter.com/simonsezit,,,https://www.youtube.com/simonsezittraining,,udemy,https://www.udemy.com/course/microsoft-excel-2016-training-online-course/,Microsoft Excel 2016 Training: Beginner to Intermediate
Mubeen Ali,Microsoft Instructor,,,,,,,,,udemy,https://www.udemy.com/course/microsoft-excel-2019-learn-basic-concepts-of-excel/,Learn Complete Microsoft Excel 2019 Course
Infinite Skills,High Quality Training,,http://www.infiniteskills.com/,,,,,,,udemy,https://www.udemy.com/course/excel-tutorial/,Microsoft Excel 2010 Course Beginners/ Intermediate Training
Intellezy Trainers,Computer Training Specialists,,http://www.intellezy.com/,https://www.facebook.com/http://www.facebook.com/Intellezy-1554610824847323/?ref=br_tf,https://twitter.com/http://twitter.com/intellezy,,https://linkedin.com/https://www.linkedin.com/company/intellezy,,,udemy,https://www.udemy.com/course/excel-2016-advanced/,Excel 2016 Advanced
Stanley Wong,"FCCA, ATIHK, MOS Master",,http://championforever.com/,https://www.facebook.com/MOSMasterNet,https://twitter.com/ChampionForeve7,,,https://www.youtube.com/channel/UCTBFP-fVW8vyA0tdyeTijWg,,udemy,https://www.udemy.com/course/microsoft-office-specialist-mos-excel/,Microsoft Office Specialist (MOS) - Excel
Diego Fernandez,Exfinsis,,http://www.exfinsis.com/,,,,,,,udemy,https://www.udemy.com/course/stock-technical-analysis-with-excel/,Stock Technical Analysis with Excel
Billy Wigley,"Microsoft Certified Trainer (MCT), MOS Excel Expert",,http://www.dontgetmadgetskills.com/,https://www.facebook.com/DontGetMadGetSkills,https://twitter.com/billywigley,,https://linkedin.com/in/billywigley,https://www.youtube.com/subscription_center?add_user=BillyMrAloha,,udemy,https://www.udemy.com/course/steps-to-excel-success/,7 Steps To Excel Success - Excel Skills And Power Tips
Asen Gyczew,"Expert in performance improvement, turnaround and startups",,https://badassconsultants.com/,https://www.facebook.com/asen.gyczew,https://twitter.com/agyczew,,https://linkedin.com/pub/asen-gyczew/1/319/b34/en,https://www.youtube.com/channel/UCBUAqzE7ERYf8jPqhQZu8qQ?sub_confirmation=1,,udemy,https://www.udemy.com/course/excel-pivot-tables-for-management-consultants-analysts/,Excel Pivot Tables for Management Consultants & Analysts
Damon Martin,"Make it Powerful, Dynamic, Attractive & Compelling...",,,,,,https://linkedin.com/in/damon-martin-5661a912,,,udemy,https://www.udemy.com/course/beautiful-and-dynamic-excel-dashboard/,Beautiful and Dynamic Excel Dashboard
ZandaX Training,Provider of high quality online training courses,,https://www.zandax.com/,,,,,,,udemy,https://www.udemy.com/course/microsoft-excel-advanced/,Microsoft Excel Advanced
Anil Batra,"Speaker, Best Selling Instructor, Author and Executive",,http://www.anilbatra.com/,,https://twitter.com/anilbatra,,https://linkedin.com/in/anilbatra,https://www.youtube.com/channel/UC_WJocz1Gqqc6EylJdx7eHw,,udemy,https://www.udemy.com/course/excel-essential-features-functions-for-marketing-analytics/,Essential Excel Features & Functions for Marketing Analytics
Infinite Skills,High Quality Training,,http://www.infiniteskills.com/,,,,,,,udemy,https://www.udemy.com/course/microsoft-excel-2013-course-beginners-intermediate-training/,Microsoft Excel 2013 Course Beginners/ Intermediate Training
Nurture Tech Academy,Microsoft Office Specialist,,https://www.nurturetechacademy.in/,https://www.facebook.com/https://www.facebook.com/nurturetechacademy/,,,https://linkedin.com/https://www.linkedin.com/company/nurture-tech-academy/about/,https://www.youtube.com/https://www.youtube.com/user/NurtureTechAcademy/videos?view_as=subscriber,,udemy,https://www.udemy.com/course/microsoft-excel-basic-to-advance-level/,Microsoft Excel Basic to Advance Level
Simon Sez IT,"380,000+ Students | Wordwide Use 180 Countries |130+ Courses",,http://www.simonsezit.com/,https://www.facebook.com/SimonSezIT,https://twitter.com/simonsezit,,,https://www.youtube.com/simonsezittraining,,udemy,https://www.udemy.com/course/excel-powerpoint-2019-365/,Excel & PowerPoint 2019/365 - Huge value MS Office course
Alan Murray,Founder of Computergaga,,http://www.computergaga.com/,https://www.facebook.com/computergaga,https://twitter.com/computergaga1,,https://linkedin.com/LinkedIn%20Profile,https://www.youtube.com/user/Computergaga/,,udemy,https://www.udemy.com/course/excel-league-tables-and-tournaments/,Creating Sports League Tables and Tournaments in Excel
Jarrod Hill,Excel Guru,,,,,,,,,udemy,https://www.udemy.com/course/excel-beginner-to-expert/,Complete Excel Course - Beginner to Expert
GreyCampus Inc.,Professional Certification and Competitive Exam Trainings,,http://www.greycampus.com/,https://www.facebook.com/Greycampus,https://twitter.com/greycampus,,https://linkedin.com/company/greycampus,https://www.youtube.com/user/Greycampus,,udemy,https://www.udemy.com/course/microsoft-excel-for-data-analysts/,Microsoft Excel for Data Analysts
Kirt Kershaw,Microsoft Certified Trainer - Training Microsoft Since 2000!,,http://www.dreamforce.us/,,https://twitter.com/KirtKershaw,,https://linkedin.com/in/kirt-kershaw-33874410/,https://www.youtube.com/user/videotrainingpro,,udemy,https://www.udemy.com/course/microsoft-excel-2019-level-1-beginner-excel-2019/,Microsoft Excel 2019 Level 1 - Beginner Excel 2019
Startup Saturdays,Thought leaders in entrepreneurship and business,,http://www.startupsaturdays.net/,https://www.facebook.com/StartupSaturdays,https://twitter.com/Startup99,,,,,udemy,https://www.udemy.com/course/microsoft-excel-beginner-and-intermediate-certificate-class/,Microsoft Excel Beginner and Intermediate with Certificate
Simon Sez IT,"380,000+ Students | Wordwide Use 180 Countries |130+ Courses",,http://www.simonsezit.com/,https://www.facebook.com/SimonSezIT,https://twitter.com/simonsezit,,,https://www.youtube.com/simonsezittraining,,udemy,https://www.udemy.com/course/the-ultimate-microsoft-excel-training-bundle/,The Ultimate Microsoft Excel 2010 and 2013 Training Bundle
Dragos Stefanescu,"Founder at TeacHack.com |15 Udemy Courses & 15,000+ Students",,http://www.teachack.com/,https://www.facebook.com/teachack,https://twitter.com/DrgStefanescu,,https://linkedin.com/in/drgstefanescu,https://www.youtube.com//c/TeacHackUdemy?sub_confirmation=1,,udemy,https://www.udemy.com/course/excel-hacking-real-strategies-for-excel-masterytemplates/,Excel Hacking
Asen Gyczew,"Expert in performance improvement, turnaround and startups",,https://badassconsultants.com/,https://www.facebook.com/asen.gyczew,https://twitter.com/agyczew,,https://linkedin.com/pub/asen-gyczew/1/319/b34/en,https://www.youtube.com/channel/UCBUAqzE7ERYf8jPqhQZu8qQ?sub_confirmation=1,,udemy,https://www.udemy.com/course/offline-business-models-in-excel/,Offline Business Models in Excel - Practical Guide
Non Meeboon,Aerospace and Optical Telecommunication Engineer,,,https://www.facebook.com/https://www.facebook.com/non.meeboon,,,,,,udemy,https://www.udemy.com/course/excel-for-quality-control-engineer/,Excel for Quality Control Engineer
Richard Korbut,"Udemy Producer - Filming, Editing & Creative Direction",,http://www.teachack.com/,https://www.facebook.com/teachack,https://twitter.com/DrgStefanescu,,https://linkedin.com/in/drgstefanescu,https://www.youtube.com//c/TeacHackUdemy?sub_confirmation=1,,udemy,https://www.udemy.com/course/excel-hacking-real-strategies-for-excel-masterytemplates/,Excel Hacking
Dave McCubbin,Training Alchemist |Founder of Skootzi,,http://skootzi.com/,,,,,,,udemy,https://www.udemy.com/course/excel-soup-to-nuts/,Excel: Soup to Nuts
Sam McIntire,Master Excel Instructor and Founder of Deskbright,,https://www.deskbright.com/,,,,,,,udemy,https://www.udemy.com/course/excel-2016-vlookup-index-match-and-other-advanced-lookups/,"Excel 2016: VLOOKUP, INDEX MATCH, and Other Advanced Lookups"
ZandaX Training,Provider of high quality online training courses,,https://www.zandax.com/,,,,,,,udemy,https://www.udemy.com/course/the-ultimate-complete-excel-training-package/,The Ultimate Complete Excel Training Package
Jeff Knowlton,Senior Executive. Data Scientist. Teacher.,,,,,,https://linkedin.com/https://www.linkedin.com/in/jeff-knowlton-5a5a446/,,,udemy,https://www.udemy.com/course/excel-case-studies-for-business-students/,Excel Case Studies for Business Students
Simon Sez IT,"380,000+ Students | Wordwide Use 180 Countries |130+ Courses",,http://www.simonsezit.com/,https://www.facebook.com/SimonSezIT,https://twitter.com/simonsezit,,,https://www.youtube.com/simonsezittraining,,udemy,https://www.udemy.com/course/ultimate-microsoft-excel-2016-course-beginner-to-expert/,Ultimate Microsoft Excel 2016 Course - Beginner to Expert
Tom Vorves,Business Collaboration Guide and Software Instructor,,http://www.tomvorves.com/,https://www.facebook.com/tom.vorves,https://twitter.com/tomvorves,,https://linkedin.com/in/tomvorves,https://www.youtube.com/tomvorves,,udemy,https://www.udemy.com/course/excel-for-the-college-graduate/,"Excel Data Analysis: Produce Great Reports, Basic Statistics"
Tim Wright,Nationally Recognized Instructional Designer,,,,,,,,,udemy,https://www.udemy.com/course/beginning-to-intermediate-excel-2016-complete-course/,Excel 2016 Beginning to Intermediate - Complete Course
Jennifer Bailey,Post Grad Ed | Professional Trainer | 31K+ Udemy students,,https://jenniferbaileyonline.com/,https://www.facebook.com/jennifersbailey,https://twitter.com/jenniferbailey,,https://linkedin.com/jennifersbailey,https://www.youtube.com/easyinternetlessons,,udemy,https://www.udemy.com/course/quick-start-excel-getting-started-with-excel/,Get Started With Microsoft Excel In 1 Hour
Jason Zhang,Financial Analyst,,http://www.bestanalyst.org/,,,,,,,udemy,https://www.udemy.com/course/ms-excel-jumpstart-to-analyst/,MS Excel - JumpStart to Analyst
IsáBel .,Microsoft Certified IT Professional. Trainer of 19 Years,,,,,,,https://www.youtube.com/channel/UC3MkEWH9kzgsLVjFtH5RCvw/featured,,udemy,https://www.udemy.com/course/excel2013tips/,"Excel: Core Data Analysis, and Workbook Customization"
David Millard,Microsoft Certified Trainer,,http://www.netresulttraining.co.uk/,https://www.facebook.com/david.millard.507,https://twitter.com/VisioTutorials,,,,,udemy,https://www.udemy.com/course/excel-basics-the-ultimate-beginners-course/,Excel Basics– the Ultimate Beginner’s Course
"Stefan Ignatovski, Ph.D.","Professor, Investor and Entrepreneur",,http://www.accountingsky.com/,https://www.facebook.com/illutible,https://twitter.com/illutible,,https://linkedin.com/in/ignatovski,https://www.youtube.com/StefanIgnatovski,,udemy,https://www.udemy.com/course/financialratios/,Financial Ratios Using Excel
Hudson Courses,Leaders in Learning,,https://www.hudsoncourses.com/,https://www.facebook.com/hudsoncourses/,https://twitter.com/hudsoncourses,,https://linkedin.com/hudsoncourses,,,udemy,https://www.udemy.com/course/microsoft-excel-2016-beginner-level-course-by-hudsoncourses/,Microsoft Excel 2016 Beginner Level Course
Georg Lasar,Certified Microsoft Office Specialist Expert,,https://albertexcel.com/,https://www.facebook.com/Albert-Excel-135206607341635/,https://twitter.com/A_Excel1979,,https://linkedin.com/in/georg-lasar-56153523,https://www.youtube.com/channel/UCKKYbHfF_Gdxvii6A-I6R3A,,udemy,https://www.udemy.com/course/excel-basics-anatomy-of-spreadsheets-and-cell-references/,Excel Basics: Anatomy of Spreadsheets and Cell References
Simon Sez IT,"380,000+ Students | Wordwide Use 180 Countries |130+ Courses",,http://www.simonsezit.com/,https://www.facebook.com/SimonSezIT,https://twitter.com/simonsezit,,,https://www.youtube.com/simonsezittraining,,udemy,https://www.udemy.com/course/the-ultimate-microsoft-excel-2013-training-bundle/,The Ultimate Microsoft Excel 2013 Training Bundle - 19 Hours
Davor Geci,"CEO @ WinPIS, Programmer | Excel VBA Access VB SQL Databases",,https://virtual-forms.com/,https://www.facebook.com/virtualform,https://twitter.com/exceluserforms,,https://linkedin.com/in/davor-geci,https://www.youtube.com/virtualformsexcel,,udemy,https://www.udemy.com/course/microsoft-excel-secrets-track-excel-with-google-analytics/,Microsoft Excel Secrets: Track Excel with Google Analytics
Matthias Bellmann,Start-up generalist and former consultant,,http://passion.io/,https://www.facebook.com/matthiasbellmann,,,https://linkedin.com/matthiasbellmann,,,udemy,https://www.udemy.com/course/excel-hacking-dynamic-charts-and-linking-to-powerpoint/,The McKinsey Way Of Excel Hacking and Dynamic Charting
Niran Marshall Perera,"Attorney at Law, LL. B graduate (University of London) & Business Commerce graduate ( University of Sri Jayewardenapura)",,,,,,,,,udemy,https://www.udemy.com/course/accounting-template-using-excel/,Excel for Accounting and Bookkeeping
Sandor Kiss,"Teaching 300,000+ Students, Performance Marketer",,http://passion.io/,https://www.facebook.com/matthiasbellmann,,,https://linkedin.com/matthiasbellmann,,,udemy,https://www.udemy.com/course/excel-hacking-dynamic-charts-and-linking-to-powerpoint/,The McKinsey Way Of Excel Hacking and Dynamic Charting
Jennifer Bailey,Post Grad Ed | Professional Trainer | 31K+ Udemy students,,https://jenniferbaileyonline.com/,https://www.facebook.com/jennifersbailey,https://twitter.com/jenniferbailey,,https://linkedin.com/jennifersbailey,https://www.youtube.com/easyinternetlessons,,udemy,https://www.udemy.com/course/quick-start-excel-creating-an-accountancy-spreadsheet/,Build Excel Spreadsheet for Work From Home Business Accounts
Jay Quinto,"~400,000 Enrolments, ~150,000 Students, ~10,000 Reviews",,,,,,,https://www.youtube.com/channel/UCQRKZIhygTNRPTEmbWQ7LXg,,udemy,https://www.udemy.com/course/the-quest-for-excel-lence/,Microsoft Excel Step by Step Training for Beginners!
Kathleen Farley,aka Robobunnyattack! + co-founder of Audiohackr,,http://learn.robobunnyattack.com/,https://www.facebook.com/robobunnyattack,https://twitter.com/robobunnyattack,,https://linkedin.com/in/kfarley,https://www.youtube.com/robobunnyattack,,udemy,https://www.udemy.com/course/step-by-step-spreadsheets-for-absolute-beginners/,Step-by-step Spreadsheets for Absolute Beginners
Igor Ovchinnikov,The Silicon Valley's Secret Weapon of Training,,http://www.tenuki.com/,https://www.facebook.com/igor.ovchinnikov,,,https://linkedin.com/in/IgorOvchinnikov,https://www.youtube.com/user/EasyWithIgor,,udemy,https://www.udemy.com/course/easy-excel-conditional-formatting-with-igor/,Excel Conditional Formatting Master Class
Intellezy Trainers,Computer Training Specialists,,http://www.intellezy.com/,https://www.facebook.com/http://www.facebook.com/Intellezy-1554610824847323/?ref=br_tf,https://twitter.com/http://twitter.com/intellezy,,https://linkedin.com/https://www.linkedin.com/company/intellezy,,,udemy,https://www.udemy.com/course/excel-2016-intermediate/,Excel 2016 Intermediate
Swaminathan P,"Technologist, Project manager, Online instructor",,,https://www.facebook.com/https://www.facebook.com/pswaminathan.9,https://twitter.com/https://twitter.com/swami_p,,https://linkedin.com/https://www.linkedin.com/in/swamibits/,,,udemy,https://www.udemy.com/course/personal-finance-excel/,Personal finance with MS Excel
Jay Quinto,"~400,000 Enrolments, ~150,000 Students, ~10,000 Reviews",,,,,,,https://www.youtube.com/channel/UCQRKZIhygTNRPTEmbWQ7LXg,,udemy,https://www.udemy.com/course/30-minute-excel_first-time-excel/,The Easiest Beginners Guide to Microsoft Excel
Diego Fernandez,Exfinsis,,http://www.exfinsis.com/,,,,,,,udemy,https://www.udemy.com/course/multiple-regression-analysis-with-excel/,Multiple Regression Analysis with Excel
Phillip Burton,"Best Selling Instructor - over 150,000 students so far",,http://www.sqlintro.com/,,https://twitter.com/Aquaviola,,,,,udemy,https://www.udemy.com/course/excel-2016-for-mac-3-pivot-tables-intro-masterclass/,Excel 2016 for Mac 3: Pivot Tables Intro & Masterclass
Kenan Çılman,Industrial Engineer,,https://www.excelsizeyeter.com/,,,,https://linkedin.com/in/kenan-%C3%A7%C4%B1lman-12a95047,https://www.youtube.com/channel/UClfDvj--gqcSSE03NGcubWw,,udemy,https://www.udemy.com/course/excel-for-everyone-business-from-beginning-to-advanced/,"Excel for Business Life, From Beginning to Advanced"
Sam Parulekar,Trainer,,http://www.imind.net.in/,,,,,,,udemy,https://www.udemy.com/course/advance-excel/,Data Management and Analysis with Advance Excel
Taurius Litvinavicius,"Businessman, book author and tech expert",,https://conficienssolutio.com/,,,,https://linkedin.com//in/taurius-litvinavicius-707b94131/,https://www.youtube.com/https://www.youtube.com/channel/UCwXMcKiaqDcRLwh1h8clqdA,,udemy,https://www.udemy.com/course/excel-add-in-with-c-vsto-and-web/,Excel add-in with c# VSTO and web
Nicky Wong,"Data Analyst, Market Researcher, Data Visualizer!",,https://www.chart-js.com/,https://www.facebook.com/udemology,,,,,,udemy,https://www.udemy.com/course/excel-in-excel/,Excellence in Excel! Create a bookkeeping tools by doing.
Institute of Investment Banking,Learn Investment Banking the easy way!,,,,,,,,,udemy,https://www.udemy.com/course/power-excel-analyzing-data-with-ms-excel/,MS Excel - Data Analysis with Pivot Tables & Excel Formulas
Mr.Nehemiah |Amazon FBA|Python|Machine Learning|Data Science|Web Development,7 Figure eCommerce Master & Expert programming Teacher,,,,,,,,,udemy,https://www.udemy.com/course/the-complete-microsoft-excel-one-on-one-masterclass/,Microsoft Excel- The Complete One On One Masterclass (2019)
Chip Reaves,Bigger-Brains,,http://bigger-brains.com/,https://www.facebook.com/biggerbrains,https://twitter.com/chiptech,,,https://www.youtube.com/user/biggerbrains743,,udemy,https://www.udemy.com/course/mastering-excel-2019-basics/,Mastering Excel 2019 - Basics
Denis Kulikov,"Enterpreneur, dancer, teacher, scientist, rapper and IDK",,,https://www.facebook.com//profile.php?id=100008544913812,,,https://linkedin.com/in/kulikovdenis1/,https://www.youtube.com//channel/UCQMN86PBcPsqgX0RyIPDBoA?view_as=subscriber,,udemy,https://www.udemy.com/course/microsoft-excel-kd/,Microsoft Excel: from Beginner to Advanced (Full course)
Manoj Kumar,Expert Level Training for Finance Professionals,,http://ibinstitute.in/,https://www.facebook.com/IBInstitutedelhi/,,,,,,udemy,https://www.udemy.com/course/excel-2007-advance-formulas-and-functions/,MS Excel Advance Training: Solve Difficult Problems
Ulrika Hedlund,Productivity Coach and Entrepreneur,,http://www.businessproductivity.com/,https://www.facebook.com/businessproductivity,https://twitter.com/ulrikahedlund,,https://linkedin.com/in/ulrikahedlund/,https://www.youtube.com/bizproductivity,,udemy,https://www.udemy.com/course/effectiveexcel2013/,Effective use of Excel 2013 in real life
Syed Raza,"Top Udemy Instructor! 260,000+ students",,https://www.claydesk.com/ecampus/,https://www.facebook.com/claydesk,https://twitter.com/claydesk,,https://linkedin.com/in/syedclaydesk,https://www.youtube.com/channel/UCqtyfC2dK5gmoQZuuIbGjgA,,udemy,https://www.udemy.com/course/microsoft-excel-for-complete-beginners/,Microsoft Excel For Complete Beginners
John Wiley & Sons,Video Training,,http://www.wiley.com/WileyCDA/,https://www.facebook.com/JohnWileySons,https://twitter.com/WileyNews,,,,,udemy,https://www.udemy.com/course/excel-data-analysis-for-dummies/,Excel Data Analysis For Dummies
Syed Ali,"Teaching Over 170,000 Students With Passion",,https://www.claydesk.com/ecampus,https://www.facebook.com/syedali.bokhari.7165,https://twitter.com/ali_haiderrr,,https://linkedin.com/in/syedbokhari1/,https://www.youtube.com/channel/UCqtyfC2dK5gmoQZuuIbGjgA,,udemy,https://www.udemy.com/course/microsoft-excel-for-complete-beginners/,Microsoft Excel For Complete Beginners
Excel World,Help you advance knowledge in business life.,,,,,,,,,udemy,https://www.udemy.com/course/microsoft-excel-how-to-create-a-project-management-plan/,Microsoft Excel - How to create a Project Management Plan
ClayDesk E-learning,The Knowledge Factory,,https://www.claydesk.com/ecampus/,https://www.facebook.com/claydesk,https://twitter.com/claydesk,,https://linkedin.com/in/syedclaydesk,https://www.youtube.com//channel/UCqtyfC2dK5gmoQZuuIbGjgA,,udemy,https://www.udemy.com/course/microsoft-excel-for-complete-beginners/,Microsoft Excel For Complete Beginners
Vishal Srivastava,Marketing & Sales Professional with 20+ Years of Experience,,http://www.trainedge.co.in/,https://www.facebook.com/VishalSrivastavaDigitalMarketing/,https://twitter.com/trainedge,,https://linkedin.com/in/vishalsrivastava,,,udemy,https://www.udemy.com/course/microsoft-excel-2016-excel-from-beginner-to-advanced-vba/,Microsoft Excel - from Beginner to Advanced & VBA by IITian
Dave Murphy,University Lecturer,,http://bowtielearning.teachable.com/,,,,,https://www.youtube.com/https://www.youtube.com/channel/UCV4WxndgYuv59kWXADbDd5g,,udemy,https://www.udemy.com/course/microsoft-excel-excel-with-practice/,Microsoft Excel - Building Business Applications
Yoda Learning,Data Analyst |MS Office Expert & PMP | Instructor/Programmer,,https://yodalearning.com/,https://www.facebook.com/yodalearning,https://twitter.com/yodalearning,,https://linkedin.com/in/ca-rishabh-pugalia-6503537/,https://www.youtube.com/user/yodalearningofficial,,udemy,https://www.udemy.com/course/excel-what-if-analysis-with-buttons-scenarios-goal-seek/,Excel: What If Analysis with Buttons | Advanced Excel Level
Calvin Liu,CPA,,http://www.taxsavingstrategy.com/,,,,,,,udemy,https://www.udemy.com/course/excelforbusinessprofessionals/,Microsoft Excel for Business Professionals
Kawser Ahmed,Founder ExcelDemy.com | Data Analyst,,http://www.exceldemy.com/,https://www.facebook.com/ExcelDemy/,https://twitter.com/ExcelDemy,,,https://www.youtube.com/channel/UCgTtt5Wx9q094AiQuz5nK1w,,udemy,https://www.udemy.com/course/learn-advanced-ms-excel-training-courses-online-certificate/,Advanced Excel 2013 Training + Build a Pro Excel Template
Yoda Learning,Data Analyst |MS Office Expert & PMP | Instructor/Programmer,,https://yodalearning.com/,https://www.facebook.com/yodalearning,https://twitter.com/yodalearning,,https://linkedin.com/in/ca-rishabh-pugalia-6503537/,https://www.youtube.com/user/yodalearningofficial,,udemy,https://www.udemy.com/course/excel-advanced-go-to-special-sanitizing-text-formulas/,Best Excel Course: Data Cleaning - For further Data Analysis
Simon Sez IT,"380,000+ Students | Wordwide Use 180 Countries |130+ Courses",,http://www.simonsezit.com/,https://www.facebook.com/SimonSezIT,https://twitter.com/simonsezit,,,https://www.youtube.com/simonsezittraining,,udemy,https://www.udemy.com/course/microsoft-excel-2013-and-2016-training-for-beginners/,Master Microsoft Excel 2013 & 2016 for Beginners
Denis Kulikov,"Enterpreneur, dancer, teacher, scientist, rapper and IDK",,,https://www.facebook.com//profile.php?id=100008544913812,,,https://linkedin.com/in/kulikovdenis1/,https://www.youtube.com//channel/UCQMN86PBcPsqgX0RyIPDBoA?view_as=subscriber,,udemy,https://www.udemy.com/course/microsoft-excell-conditional-formatting/,Microsoft Excell ( Conditional formatting)
Stephen Hill,University Professor,,,,,,https://linkedin.com/in/stephen-hill-a5346226/,,,udemy,https://www.udemy.com/course/excelbasicscourse/,Excel Basics
Robert (Bob) Steele,"CPA, CGMA, M.S. Tax, CPI",,http://accountinginstruction.info/,https://www.facebook.com/AccountingInstructionhelp/,https://twitter.com/AccountingInst,,https://linkedin.com/in/robert-bob-steele-cpa-cgma-m-s-tax-76422017,,,udemy,https://www.udemy.com/course/accounting-excel-debits-credits-example-problems/,Accounting Excel - Debits & Credits - Example Problems
Grant Gamble,"Developer, trainer and author",,https://gcomsolutions.co.uk/,https://www.facebook.com/https://www.facebook.com/grantleygamble,https://twitter.com/https://twitter.com/gamblecompsol,,https://linkedin.com/https://www.linkedin.com/in/grantleygamble,https://www.youtube.com/https://www.youtube.com/user/gcscomputertraining,,udemy,https://www.udemy.com/course/excel-2013-intermediate/,Excel Intermediate Workshop
Jeff Knowlton,Senior Executive. Data Scientist. Teacher.,,,,,,https://linkedin.com/https://www.linkedin.com/in/jeff-knowlton-5a5a446/,,,udemy,https://www.udemy.com/course/excel-and-business-analytics_1/,Excel: Basic Excel and Business Analytics
Adrian Pumariega,CPA with 13+ Years Experience in Excel,,https://readyxl.com/,,,,,,,udemy,https://www.udemy.com/course/microsoft-excel-fundamentals-and-advanced-tricks/,Excel - Beginner to Advanced in 4 Hours
Robert (Bob) Steele,"CPA, CGMA, M.S. Tax, CPI",,http://accountinginstruction.info/,https://www.facebook.com/AccountingInstructionhelp/,https://twitter.com/AccountingInst,,https://linkedin.com/in/robert-bob-steele-cpa-cgma-m-s-tax-76422017,,,udemy,https://www.udemy.com/course/quickbooks-online-vs-excel/,QuickBooks Online vs. Excel
Simon Sez IT,"380,000+ Students | Wordwide Use 180 Countries |130+ Courses",,http://www.simonsezit.com/,https://www.facebook.com/SimonSezIT,https://twitter.com/simonsezit,,,https://www.youtube.com/simonsezittraining,,udemy,https://www.udemy.com/course/microsoft-excel-2016-for-beginners/,Microsoft Excel 2016 for Beginners: Master the Essentials
Abhay Gadiya,Best seller instructor at Udemy for Power BI and Power Excel,,,,https://twitter.com/abhaygadiya,,https://linkedin.com/home?trk=nav_responsive_tab_home,https://www.youtube.com/channel/UC_vozi_Go11jh8QhGj1x3Zw,,udemy,https://www.udemy.com/course/auditing-excel-files-spreadsheet-risks-and-controls/,How to audit your Excel files to identify errors or mistakes
Infinite Skills,High Quality Training,,http://www.infiniteskills.com/,,,,,,,udemy,https://www.udemy.com/course/microsoft-excel-pivot-tables-in-depth/,Microsoft Excel Pivot Tables - In-Depth Excel Training
Todd McLeod,Tenured College Professor,,,,https://twitter.com/@Todd_McLeod,,https://linkedin.com/in/tamcleod,https://www.youtube.com/user/toddmcleod,,udemy,https://www.udemy.com/course/excel-courses/,Progressing With Excel - The Intermediate Excel Tutorial
Nasiru Musa,Intelligence Analyst,,,,,,https://linkedin.com/in/nasiru-musa-cfe-cams-a5761319,,,udemy,https://www.udemy.com/course/excel-application-of-pivot-table-in-amlcft-investigations/,Application of Pivot Table in AML/CFT Analysis
ForeVision Academy,Investment Banker | Edupreneur,,http://forevision.co.in/,,,,https://linkedin.com/in/abhisek-salecha/,,,udemy,https://www.udemy.com/course/business-analytics-advanced-excel/,Business Analytics - Advanced Excel
Igor Ovchinnikov,The Silicon Valley's Secret Weapon of Training,,http://www.tenuki.com/,https://www.facebook.com/igor.ovchinnikov,,,https://linkedin.com/in/IgorOvchinnikov,https://www.youtube.com/user/EasyWithIgor,,udemy,https://www.udemy.com/course/excel-lookup-and-reference-functions/,Master Excel Lookups and References
Daniel Davis,Professional Financial Analyst,,,,,,,,,udemy,https://www.udemy.com/course/quantitative-investments/,Quantitative Investment Analysis in Excel (Template Incl.)
Todd McLeod,Tenured College Professor,,,,https://twitter.com/@Todd_McLeod,,https://linkedin.com/in/tamcleod,https://www.youtube.com/user/toddmcleod,,udemy,https://www.udemy.com/course/learn-excel-tutorial-for-beginners/,Learn Excel - The Excel Tutorial for Beginners
Prem Chand,"Engineer, Film Maker and Web Designer. A Multipotentialite.",,,https://www.facebook.com/premchandkv,,,,,,udemy,https://www.udemy.com/course/microsoftexcelpremiumcourse/,Microsoft Excel Accelerated: Master Microsoft Excel fast!
NILC Training,Wales (UK) leading provider of professional training courses,,https://nilc.co.uk/,https://www.facebook.com/https://facebook.com/nilctraining,https://twitter.com/https://twitter.com/Newport_ILC,,https://linkedin.com/https://www.linkedin.com/company/newport-integrated-learning-centre,https://www.youtube.com/https://www.youtube.com/channel/UCh337MvWCeVjBJyhXIsxt5A,,udemy,https://www.udemy.com/course/microsoft-excel-the-beginners-introduction-to-excel/,Microsoft Excel - The Beginners Introduction To Excel
Logan Spiers,"Certified Excel Specialist, Professional Development Trainer",,http://www.marketwithbeyond.com/,https://www.facebook.com/MarketWithBeyond/,,,,,,udemy,https://www.udemy.com/course/pivottable-master-in-less-than-1-hour/,From Beginner to Master of Pivot Tables - Best Tool in Excel
"Prashant Panchal, ACA","Excel & BI Enthusiast, CA, Finance & Accounting Professional",,https://www.exactprobi.org/,https://www.facebook.com/ExAccounting/,https://twitter.com/act_bi,,https://linkedin.com/in/proprashant,https://www.youtube.com/channel/UCsww7ljplYsZhayFc2YfoYg,,udemy,https://www.udemy.com/course/masterdepreciationwithproexceltemplate/,Learn Depreciation Accounting with Advanced Excel Model
ajay parmar,"Instructor - Advance Excel, Excel Vba ,Access, Access Vba",,http://excelvbalover.com/,https://www.facebook.com/excelvbalover,,,https://linkedin.com/ajay%20parmar,https://www.youtube.com/c/ajaykumarparmar,,udemy,https://www.udemy.com/course/connect-excel-using-access-vba-collection-loops-series-7/,Connect XL & Outlook -Access VBA & Collection Loops Series 7
Robert (Bob) Steele,"CPA, CGMA, M.S. Tax, CPI",,http://accountinginstruction.info/,https://www.facebook.com/AccountingInstructionhelp/,https://twitter.com/AccountingInst,,https://linkedin.com/in/robert-bob-steele-cpa-cgma-m-s-tax-76422017,,,udemy,https://www.udemy.com/course/accounting-excel-adjusting-entries-example-problems/,Accounting Excel - Adjusting Entries – Example Problems
ExActProBi (Prashant Panchal),"Excel and Data Transformation Expert, Chartered Accountant",,https://www.exactprobi.org/,https://www.facebook.com/ExAccounting/,https://twitter.com/act_bi,,https://linkedin.com/in/proprashant,https://www.youtube.com/channel/UCsww7ljplYsZhayFc2YfoYg,,udemy,https://www.udemy.com/course/masterdepreciationwithproexceltemplate/,Learn Depreciation Accounting with Advanced Excel Model
Rama Krishna Yelamanchili,"Professor of Quants, Hyderabad, India",,http://www.kautilyas.com/,https://www.facebook.com/kautilyas2,,,https://linkedin.com/in/ramakrishna1002,https://www.youtube.com/Kautilyas1,,udemy,https://www.udemy.com/course/learn-statistics-and-data-analysis-using-ms-excel/,MS Excel: Statistics and Data Analysis
Learn iT! Anytime,Self-Paced Online Training Videos,,http://www.learnitanytime.com/,https://www.facebook.com/Learn.iT.anywhere,,,,https://www.youtube.com/channel/UCqyBfm_H9ugGirk1ufYA2YA,,udemy,https://www.udemy.com/course/presenting-financials/,Presenting Financials with Excel and PowerPoint
Nicky Wong,"Data Analyst, Market Researcher, Data Visualizer!",,https://www.chart-js.com/,https://www.facebook.com/udemology,,,,,,udemy,https://www.udemy.com/course/excel-excel-invoicing-tool/,Excellence in Excel! Create an invoicing tool in Excel!
Simon Sez IT,"380,000+ Students | Wordwide Use 180 Countries |130+ Courses",,http://www.simonsezit.com/,https://www.facebook.com/SimonSezIT,https://twitter.com/simonsezit,,,https://www.youtube.com/simonsezittraining,,udemy,https://www.udemy.com/course/microsoft-excel-2019-advanced-course/,Master Microsoft Excel 2019/365 - Advanced Excel
Alex Mozes,Instructor Liaison with Udemy,,,https://www.facebook.com/alexmozes,https://twitter.com/sciencebum,,https://linkedin.com/in/alexmozes,,,udemy,https://www.udemy.com/course/excel-smart-tips/,Smart Tips: Excel
ThinkTank Careers,ThinkTank Careers,,,https://www.facebook.com/thinktankcareers/,,,,https://www.youtube.com/channel/UC3XXBmrWBxBgDfG4h4Pg1cg,,udemy,https://www.udemy.com/course/guide-to-building-financial-statements/,Building Financial Statements in Excel
Infinite Skills,High Quality Training,,http://www.infiniteskills.com/,,,,,,,udemy,https://www.udemy.com/course/learning-microsoft-excel-2016-for-mac/,Learning Microsoft Excel 2016 for Mac
Pannaga Kasbe,Avid math lover And Entrepreneur,,,,,,,,,udemy,https://www.udemy.com/course/excel-solver/,"Excel Solver, Goal Seek and lots of Excel Tips"
Sebastian Glöckner,"Diplom-Informatiker, 12 Jahre Vollzeit-Projektmanager",,http://www.sebastian-gloeckner-bonn.de/,https://www.facebook.com/sebastiangloecknerbonn,,,,,,udemy,https://www.udemy.com/course/excel-ninja-tricks-for-business-secret-success-formulas/,Become the Excel Hero with Advanced Excel Tricks for Job
John Wiley & Sons,Video Training,,http://www.wiley.com/WileyCDA/,https://www.facebook.com/JohnWileySons,https://twitter.com/WileyNews,,,,,udemy,https://www.udemy.com/course/statistical-analysis-excel-2013-essentials/,Statistical Analysis Excel 2013 Essentials
Hrvoje Pavisic,Senior Financial Analyst,,,,,,https://linkedin.com/hrvojepavisic,,,udemy,https://www.udemy.com/course/microsoft-excel-for-financial-analyst-career/,Microsoft Excel for Financial Analyst Career
Simon Sez IT,"380,000+ Students | Wordwide Use 180 Countries |130+ Courses",,http://www.simonsezit.com/,https://www.facebook.com/SimonSezIT,https://twitter.com/simonsezit,,,https://www.youtube.com/simonsezittraining,,udemy,https://www.udemy.com/course/the-ultimate-microsoft-excel-2013-and-2016-mastery-course/,The Ultimate Microsoft Excel 2013 & 2016 Mastery Course
"Chris Benjamin, MBA & CFO",Instructor & Management Consultant,,,,,,,,,udemy,https://www.udemy.com/course/how-to-create-a-waterfall-financial-report-using-excel/,The Complete Course On Creating A Waterfall Report In Excel
Ramzan Rajani,Microsoft Certified Trainer & Microsoft office Specialist,,,https://www.facebook.com/ramzan.rajani,,,https://linkedin.com/http://in.linkedin.com/in/ramzanrajani,,,udemy,https://www.udemy.com/course/microsoft-excel-2010-training-beginner-to-advanced-level/,Microsoft Excel Training - Beginner to Advanced Level
Francie Black,"eWisdomToGo, Technology Consulting, Writing & Training",,http://ipadwisdom.com/,https://www.facebook.com/ipadwisdom,https://twitter.com/francieblack,,,,,udemy,https://www.udemy.com/course/microsoft-excel-for-mac-2011-beginning/,Microsoft Excel for Mac 2011 - Beginning & Intermediate
R-Tutorials Training,Data Science Education,,http://www.r-tutorials.com/,https://www.facebook.com/ranalytics,,,,https://www.youtube.com/user/teachingR,,udemy,https://www.udemy.com/course/excel-2016-the-excel-2016-guide/,Microsoft Excel 2016 - The Comprehensive Excel 2016 Guide
Bluelime Learning Solutions,Learning made simple,,,,,,,,,udemy,https://www.udemy.com/course/1-day-excel-beginners-course/,Learn Basic Excel Skills For Beginners
Ray Harkins,"Senior Manufacturing Professional, Career Coach",,,,,,https://linkedin.com/ray-harkins,,,udemy,https://www.udemy.com/course/microsoft-excel-from-zero-to-hero-in-58-minutes/,Microsoft Excel: From Zero to Hero in 58 Minutes
John Wiley & Sons,Video Training,,http://www.wiley.com/WileyCDA/,https://www.facebook.com/JohnWileySons,https://twitter.com/WileyNews,,,,,udemy,https://www.udemy.com/course/statistical-analysis-with-excel-2013-advanced-skills/,Statistical Analysis with Excel 2013 Advanced Skills
Sandor Kiss,"Teaching 300,000+ Students, Performance Marketer",,,,,,,,,udemy,https://www.udemy.com/course/how-to-dominate-excel-formatting-charting/,How To Dominate Excel Formatting & Charting
Mark Thompson,17 years in I.T. and certified Microsoft Office Specialist,,https://www.supersimple365.com/,https://www.facebook.com/groups/SuperSimple365,https://twitter.com/SuperSimple365,,https://linkedin.com/in/MarkThompsonTrainer,https://www.youtube.com/channel/UCY71Qz4qx579SfVGCgukdig,,udemy,https://www.udemy.com/course/super-simple-excel-2016-for-beginners-ms-office-365/,Super Simple Excel 2016 for Beginners (MS Office 365)
SONIC Performance Support - E-Learning Experts,Training Company,,http://www.sonic-performance-support.com/,,https://twitter.com/videotraining,,,https://www.youtube.com/sonicvideotraining,,udemy,https://www.udemy.com/course/office-excel-2016-intermediate/,Microsoft Office Excel 2016: Part 2 (Intermediate Level)
Matthias Bellmann,Start-up generalist and former consultant,,http://passion.io/,https://www.facebook.com/matthiasbellmann,,,https://linkedin.com/matthiasbellmann,,,udemy,https://www.udemy.com/course/how-to-dominate-excel-formatting-charting/,How To Dominate Excel Formatting & Charting
"Warren Chalklen, PhD","Education Innovator | 111,967 Students on Udemy",,https://www.warrenchalklen.com/,https://www.facebook.com//onlineskillacademy/,https://twitter.com/OnlineSkills_,,https://linkedin.com/in/warren-chalklen-ph-d-129593b,https://www.youtube.com//channel/UCkHFTMh8G0BJ9bG1WwiZSQA,,udemy,https://www.udemy.com/course/microsoft-excel-from-basics-to-advanced-in-rapid-time/,Microsoft Excel : Get All You Need To Know And Do!
Institute of Investment Banking,Learn Investment Banking the easy way!,,,,,,,,,udemy,https://www.udemy.com/course/microsoft-excel-reports-mastering-excel-shortcuts/,"MS Excel - Top Excel Tips, Excel Tricks, Excel Shortcuts"
BizExcel Solutions (2010),Microsoft registered official partner,,http://www.bizexcel.ca/,https://www.facebook.com/bizexcel.ca,,,,,,udemy,https://www.udemy.com/course/financial-accounting1/,Financial Accounting Plus Excel and SAP Crash Course.
David Murray,"20 years SEO Experience | Over 73,000 Students on Udemy",,http://www.4seotraining.com.au/,,,,,https://www.youtube.com//user/CheltenhamTutorials,,udemy,https://www.udemy.com/course/excel-2016-intermediate-training-videos/,Excel 2016 (365) Intermediate Training Course | Office 365
Andy Lanning,Instructor,,http://www.clickhappycomputerskills.com/,,,,,,,udemy,https://www.udemy.com/course/excel-2010-productivity-course/,Excel 2010 Productivity
ajay parmar,"Instructor - Advance Excel, Excel Vba ,Access, Access Vba",,http://excelvbalover.com/,https://www.facebook.com/excelvbalover,,,https://linkedin.com/ajay%20parmar,https://www.youtube.com/c/ajaykumarparmar,,udemy,https://www.udemy.com/course/excel-vba-loops-if-mis-analytics/,Excel VBA LOOPS & IF - MIS Analytics Series2
Sean Carthy,Computer Trainer,,http://www.searsol.com/,https://www.facebook.com/searsol1,https://twitter.com/searsol1,,https://linkedin.com/seancarthy,,,udemy,https://www.udemy.com/course/microsoft-excel-2013-microsoft-office-specialist-mos/,Microsoft Excel 2013 – Microsoft Office Specialist (MOS)
"Chris Benjamin, MBA & CFO",Instructor & Management Consultant,,,,,,,,,udemy,https://www.udemy.com/course/learn-the-basics-of-microsoft-excel/,The 2020 Complete Microsoft Excel Class For Beginners
Ricardo Hullinghorst,Financial Analyst / Data Models in Excel,,http://www.spreadsheetly.com/,,,,,,,udemy,https://www.udemy.com/course/optimal-business-decisions/,Optimal Business Decisions using Excel Solver
VideoTraining Online,Comprehensive Training,,http://www.videotraining.com.au/,https://www.facebook.com/VideoTrainingAU,https://twitter.com/VideoTrainingAU,,,,,udemy,https://www.udemy.com/course/excel-2010-training/,Microsoft Excel 2010 Training - Beginner to Advanced
Brian Jackson,"Author, Publisher and Educator",,https://www.authorbrianjackson.com/,https://www.facebook.com/brianjjaxn,https://twitter.com/brianjjaxn,,https://linkedin.com/in/authorbrianjackson,https://www.youtube.com/channel/UC5D46MDNfqdDDS7KwaiLmAA,,udemy,https://www.udemy.com/course/microsoft-excel-2013-beginner-training-fast-and-simple/,Beginner Microsoft Excel 2013 / 2016 Data Analysis
Yoda Learning,Data Analyst |MS Office Expert & PMP | Instructor/Programmer,,https://yodalearning.com/,https://www.facebook.com/yodalearning,https://twitter.com/yodalearning,,https://linkedin.com/in/ca-rishabh-pugalia-6503537/,https://www.youtube.com/user/yodalearningofficial,,udemy,https://www.udemy.com/course/excel-array-formula-ctrl-shift-enter-for-data-analysis/,Excel Array Formula (Ctrl Shift Enter) for Data Analysis
Colossal Skills,Qualified Accountants & Ms Excel Trainers,,,https://www.facebook.com/Jeffrey%20Misihairabwi,,,https://linkedin.com/Jeffrey%20Misihairabwi,,,udemy,https://www.udemy.com/course/integrated-excel-analytics/,Integrated Excel For Advanced Analysis and Reporting
Rishabh Pugalia,"CA | ex-KPMG, ex-J.P. Morgan | Taught @ PwC, EY, Deloitte",,http://www.yodalearning.com/,https://www.facebook.com/yodalearning,https://twitter.com/yodalearning,,https://linkedin.com/in/ca-rishabh-pugalia-6503537/,https://www.youtube.com/user/yodalearningofficial,,udemy,https://www.udemy.com/course/excel-array-formula-ctrl-shift-enter-for-data-analysis/,Excel Array Formula (Ctrl Shift Enter) for Data Analysis
Ulrika Hedlund,Productivity Coach and Entrepreneur,,http://www.businessproductivity.com/,https://www.facebook.com/businessproductivity,https://twitter.com/ulrikahedlund,,https://linkedin.com/in/ulrikahedlund/,https://www.youtube.com/bizproductivity,,udemy,https://www.udemy.com/course/businessexcel2010/,Sharper skills using Microsoft Excel 2010 for business
Billy Wigley,"Microsoft Certified Trainer (MCT), MOS Excel Expert",,http://www.dontgetmadgetskills.com/,https://www.facebook.com/DontGetMadGetSkills,https://twitter.com/billywigley,,https://linkedin.com/in/billywigley,https://www.youtube.com/subscription_center?add_user=BillyMrAloha,,udemy,https://www.udemy.com/course/pivottable-skills/,Easy Excel PivotTable Skills - PivotTable Power Tips
Umer Farooq,I.T Instructor,,,,,,,,,udemy,https://www.udemy.com/course/mos-excel-expert-test-preparation-question-based/,MOS EXCEL EXPERT 77-728 Exam Preparation (Solution Based)
Nicol N,Advanced Excel Instructor,,https://www.udemy.com/instructor/course/2702174/manage/basics,,,,,,,udemy,https://www.udemy.com/course/learn-excel-in-less-than-2-hours/,Learn Excel in Less Than 2 Hours
Intellezy Trainers,Computer Training Specialists,,http://www.intellezy.com/,https://www.facebook.com/http://www.facebook.com/Intellezy-1554610824847323/?ref=br_tf,https://twitter.com/http://twitter.com/intellezy,,https://linkedin.com/https://www.linkedin.com/company/intellezy,,,udemy,https://www.udemy.com/course/excel-2019-beginner/,Excel 2019 Beginner
ATI - Analytics Training Institute,Committed to creating a difference,,https://www.analyticstraining.in/,https://www.facebook.com/analyticstraining,https://twitter.com/Analytics_4_All,,https://linkedin.com/in/Analytics%20for%20all,https://www.youtube.com/Analyticstraining,,udemy,https://www.udemy.com/course/create-your-own-app-in-excel/,Create your own App in Excel
Bluelime Learning Solutions,Learning made simple,,,,,,,,,udemy,https://www.udemy.com/course/learn-to-how-to-build-bulk-sql-queries-using-excel/,Learn how to build bulk SQL queries using Excel
Nicky Wong,"Data Analyst, Market Researcher, Data Visualizer!",,https://www.chart-js.com/,https://www.facebook.com/udemology,,,,,,udemy,https://www.udemy.com/course/create-drop-down-lists-in-excel/,How to Create Drop Down Lists in Excel
David Murray,"20 years SEO Experience | Over 73,000 Students on Udemy",,http://www.4seotraining.com.au/,,,,,https://www.youtube.com//user/CheltenhamTutorials,,udemy,https://www.udemy.com/course/excel-2016-foundation-training-video-tutorials/,Excel 2016 Foundation Training Course | Video Tutorial
John Smith,Online Entrepreneur,,,,,,,,,udemy,https://www.udemy.com/course/conditional-formatting-in-microsoft-excel/,Use Excel Conditional Formatting to Enhance Data Analysis
Damion Valencia,"Financial Analyst, Trainer, Entrepreneur",,,,,,,,,udemy,https://www.udemy.com/course/not-your-average-excel-for-beginners-learn-excel-have-fun/,"Excel for Beginners: Learn Excel, Create a Budget, Have Fun!"
Suhas Dakhole,"Computer Engineer, SSMBB, PRINCE2, SAP CRM, Lean Expert",,https://egurukulhub.com/,,,,,,,udemy,https://www.udemy.com/course/50-secret-tips-and-tricks-for-every-microsoft-excel-addict/,50 Power Tips and Tricks for Every Microsoft Excel Addict
Sebastian Glöckner,"Diplom-Informatiker, 12 Jahre Vollzeit-Projektmanager",,http://www.sebastian-gloeckner-bonn.de/,https://www.facebook.com/sebastiangloecknerbonn,,,,,,udemy,https://www.udemy.com/course/5-excel-tricks-that-save-your-job/,These 5 Excel Tricks Will Save Your Job
Simon Sez IT,"380,000+ Students | Wordwide Use 180 Countries |130+ Courses",,http://www.simonsezit.com/,https://www.facebook.com/SimonSezIT,https://twitter.com/simonsezit,,,https://www.youtube.com/simonsezittraining,,udemy,https://www.udemy.com/course/microsoft-excel-2016-advanced-training-master-class/,Microsoft Excel 2016 Advanced Training Master Class
"iTeachers - David, Stephanie & Glenda",iTeachers,,https://www.iteachers.com.au/,,,,,,,udemy,https://www.udemy.com/course/microsoft-excel-beginner-to-advanced-data-dashboards/,Microsoft Excel Beginner to Advanced - Data & Dashboards
Infinite Skills,High Quality Training,,http://www.infiniteskills.com/,,,,,,,udemy,https://www.udemy.com/course/learning-microsoft-excel-2011-for-mac/,Microsoft Excel 2011 for Mac Tutorial - Learn The Easy Way.
eLearnExcel,Leading provider of Online Excel training,,http://www.elearnexcel.com/,https://www.facebook.com/LearnExcelOnline,https://twitter.com/@elearnexcel,,,,,udemy,https://www.udemy.com/course/microsoft-excel-level-1-foundations/,Microsoft Excel - Level 1 - Foundations
How To Technology,Elite Technical Training,,http://www.howtotechnology.net/,https://www.facebook.com/groups/howtotechnology,https://twitter.com/HowToTechno,,,https://www.youtube.com/channel/UCm9iNu-QGTpq2cXPL1JOA4w?sub_confirmation=1,,udemy,https://www.udemy.com/course/learn-microsoft-excel-2016/,Learn Microsoft Excel 2016 in 1 Hour (+12 Excel Templates)
Abhishek Agarwal,"Analytics Manager, Business Analytics Professional",,,,https://twitter.com/abhi2001_001me,,https://linkedin.com/in/abhishek-agarwal-9549876/,,,udemy,https://www.udemy.com/course/excel-to-powerbi/,Transition from Excel to Power BI - Your 1st Step to PowerBI
Debbie McCusker,Certified ATD Master Instructional Designer & MOS Certified,,,https://www.facebook.com/goaskdebbie,,,,https://www.youtube.com/goaskdebbie,,udemy,https://www.udemy.com/course/microsoft-excel-managing-and-auditing-your-data/,"Microsoft Excel: Pivot Tables, Analyzing Data, Macro, & more"
Parallel Learning,"When you know better, You Do better !!",,http://www.parallellearning.in/,,,,,,,udemy,https://www.udemy.com/course/ultimate-guide-microsoft-excel-2013/,Microsoft Excel 2013 - Be the Excel master !!
Kirt Kershaw,Microsoft Certified Trainer - Training Microsoft Since 2000!,,http://www.dreamforce.us/,,https://twitter.com/KirtKershaw,,https://linkedin.com/in/kirt-kershaw-33874410/,https://www.youtube.com/user/videotrainingpro,,udemy,https://www.udemy.com/course/microsoft-excel-level-3-advanced-excel/,Microsoft Excel Level 3 - Advanced Excel
Anh Nguyen,"PhD in Chemical Engineering, Data analytics expert",,,,,,,,,udemy,https://www.udemy.com/course/practical-data-analysis-skills-in-excel/,"Practical Excel data analysis skills - Excel 2010, 2013,2016"
Abdelrahman Abdou,Founder|ExcelBonanza.com|20000+ Students|164 Countries,,http://excelbonanza.com/,https://www.facebook.com/abdou151,https://twitter.com/abdou_151,,https://linkedin.com/in/abdelrahman-abdou-60240150,https://www.youtube.com/channel/UCMFpNxLoW6we5IYvp79QAFQ,,udemy,https://www.udemy.com/course/excel-conditional-formatting-color-cells-at-your-terms/,Excel Conditional Formatting Basics - The built in Features
Jordan Hudgens,CTO at devCamp,,https://www.crondose.com/,https://www.facebook.com/devcampplatform,https://twitter.com/jordanhudgens,,,https://www.youtube.com/edutechional,,udemy,https://www.udemy.com/course/comprehensive-microsoft-excel-tutorial/,Comprehensive Microsoft Excel
Alex Akhunov,Business analyst and Excel trainer,,,,,,,,,udemy,https://www.udemy.com/course/forecasting-using-microsoft-excel/,Forecasting with Microsoft Excel
Lisa Newton,"Entrepreneur, Infopreneur & Serial Author",,http://www.lisanewton.co.uk/,https://www.facebook.com/booglesb,https://twitter.com/lisa_newton1,,https://linkedin.com/profile/view?id=5006828,https://www.youtube.com/mslisanewton,,udemy,https://www.udemy.com/course/bank-reconciliation-vat-on-excel/,Bank Reconciliation & VAT on Excel
Bluelime Learning Solutions,Learning made simple,,,,,,,,,udemy,https://www.udemy.com/course/learn-how-to-convert-excel-data-to-xml-from-scratch/,Learn how to convert excel data to XML from scratch
OrangeTree Global,Analytics Trainer At OrangeTree Global.,,http://orangetreeglobal.com/,https://www.facebook.com/orangetreeglobal,https://twitter.com/analyticsglobal,,https://linkedin.com/company/orangetree-global,,,udemy,https://www.udemy.com/course/excel-learning-made-easy/,Excel Learning Made Easy
Dan We,"BI Expert, Trainer, Datalover",,,,,,,,,udemy,https://www.udemy.com/course/excel-crashkurs-intermediate-advanced/,Excel Crashcourse Intermediate & Advanced
"TeachUcomp, Inc.",Quality Software Training,,http://www.teachucomp.com/,https://www.facebook.com/teachucomp,https://twitter.com/teachucomp,,,,,udemy,https://www.udemy.com/course/microsoft-excel-2019-365-for-lawyers-training-tutorial/,Microsoft Excel 2019 & 365 for Lawyers Training Tutorial
Illumeo Learning,Condensed and Efficient Courses for Busy Professionals,,https://www.illumeo.com/,https://www.facebook.com/expertillumeo,https://twitter.com/expertillumeo,,https://linkedin.com/company/illumeo,,,udemy,https://www.udemy.com/course/automated-financial-reporting-in-excel-one-click-reports/,Automated Financial Reporting In Excel: One-Click Reports
Optima Train,Practical Training for Today's Knowledge Worker,,http://optimatrain.com/,https://www.facebook.com/pages/OptimaTrain/390103107847147?ref=hl,,,https://linkedin.com/company/optima-train?trk=biz-companies-cym,https://www.youtube.com/channel/UCnBUOCNTwRAMPnbHolYieRw,,udemy,https://www.udemy.com/course/practical-excel-2016-intermediate-advanced/,Excel 2016 Advanced
Kathleen Farley,aka Robobunnyattack! + co-founder of Audiohackr,,http://learn.robobunnyattack.com/,https://www.facebook.com/robobunnyattack,https://twitter.com/robobunnyattack,,https://linkedin.com/in/kfarley,https://www.youtube.com/robobunnyattack,,udemy,https://www.udemy.com/course/developing-better-spreadsheet-skills/,"Use Spreadsheets Confidently: Navigation, Functions and More"
